horizon,experiment,n,mae,rmse,median_absolute_error,direction,direction_all_rows,balanced_direction,active_direction,active_fraction,correlation,r2,calibration_slope,bias,mae_skill,mse_skill,price_mae_usd,within_2_usd,always_up_direction
7,persistence,537,0.024331401839477396,0.031575069991062917,0.019733462270708158,,0.0,,,0.0,,-0.03547074939770378,,-0.00584400510062347,0.0,0.0,93.29441340782127,0.0186219739292365,0.6145251396648045
7,historical_mean,537,0.023717746636796738,0.031192746002839316,0.019124960479613436,0.6145251396648045,0.6145251396648045,0.5,0.6145251396648045,1.0,-0.1046309991966425,-0.010546748576052867,-4.2158856836610035,-0.0021356985946442693,0.025220708890065224,0.024070212351385067,91.45826600692045,0.0148975791433892,0.6145251396648045
7,direction_majority,537,0.023776552814647262,0.03205429204863684,0.018021115980015545,0.6145251396648045,0.6145251396648045,0.5,0.6145251396648045,1.0,-0.1265688777690881,-0.06714042098619499,-4.082370881131915,0.007494194812834816,0.02280382480593035,-0.030584805613207866,92.21042854245641,0.0223463687150838,0.6145251396648045
7,ridge,537,0.023947386669710122,0.0312621244787468,0.018713366885134874,0.553072625698324,0.553072625698324,0.5157224418093984,0.553072625698324,1.0,0.12621705319461773,-0.015047036066357933,0.42044198093001384,-0.0008252973207586757,0.01578269810760413,0.01972408524646918,92.00069821617969,0.020484171322160148,0.6145251396648045
7,elasticnet,537,0.02400786431592716,0.03122719469496198,0.01939638526307471,0.5586592178770949,0.5586592178770949,0.5121651295564339,0.5586592178770949,1.0,0.1116335525606256,-0.012780039398629928,0.4233345596429451,-0.0014279391840197352,0.013297118089813487,0.02191342441326527,92.0656426730489,0.0074487895716946,0.6145251396648045
7,random_forest,537,0.024186811237046805,0.03218630281668436,0.0190837741186762,0.5977653631284916,0.5977653631284916,0.5133728590250329,0.5977653631284916,1.0,-0.06279514075771735,-0.07594823434187092,-0.28793296574596294,0.0009789383263931243,0.005942551250622818,-0.039090901377669685,93.73074719781245,0.024208566108007448,0.6145251396648045
7,gradient_boosting,537,0.023773538268400823,0.031394059754956224,0.01890295661076241,0.5940409683426443,0.5940409683426443,0.5193456302151954,0.5940409683426443,1.0,0.04890159812369419,-0.023632703553748025,0.23345963488641142,-0.00048419738211509284,0.022927720102482785,0.011432525593640719,91.85991588744906,0.0148975791433892,0.6145251396648045
7,mlp_raw,537,0.023677730035654238,0.031020402814045965,0.01843056802197965,0.5977653631284916,0.5977653631284916,0.505270092226614,0.5977653631284916,1.0,0.06465034196308209,0.000589155944322961,0.5201991043688939,-0.0001830881965298319,0.02686535729160433,0.03482464894638637,91.31006469210396,0.0111731843575419,0.6145251396648045
7,mlp_nested,537,0.024331401839477396,0.031575069991062917,0.019733462270708158,,0.0,,,0.0,,-0.03547074939770378,,-0.00584400510062347,0.0,0.0,93.29441340782127,0.0186219739292365,0.6145251396648045
7,direction_logistic,537,0.023560981205404997,0.030873570104585604,0.018838629503093923,0.6126629422718808,0.6126629422718808,0.5371980676328503,0.6126629422718808,1.0,0.1206920438202724,0.010028033769338252,1.0184623702453033,-0.0020893160293407108,0.031663635295456016,0.043940191640861714,90.90188692246724,0.0297951582867784,0.6145251396648045
7,heterogeneous_calibrated,537,0.02378490431350884,0.03120657157764891,0.01923475873789854,0.595903165735568,0.595903165735568,0.5163592446201142,0.595903165735568,1.0,0.06760802851876034,-0.011442757279000348,0.3531727056257515,0.0008101015655350759,0.02246058527880923,0.023204897031306237,91.84422416510077,0.0148975791433892,0.6145251396648045
14,persistence,535,0.032046382861711964,0.042103087341196714,0.026258485974125723,,0.0,,,0.0,,-0.09222674631818828,,-0.012234493176020534,0.0,0.0,120.70336448598131,0.009345794392523364,0.6280373831775701
14,historical_mean,535,0.030755298890475496,0.04083358787333858,0.023939596592585818,0.6280373831775701,0.6280373831775701,0.5,0.6280373831775701,1.0,-0.14920489172301837,-0.02735373381501316,-3.8775127689238564,-0.004832744205733897,0.04028797810997309,0.0593951876035419,117.09922441501752,0.014953271028037384,0.6280373831775701
14,direction_majority,535,0.0306553120776984,0.04107026374416647,0.024025135054064117,0.6280373831775701,0.6280373831775701,0.5,0.6280373831775701,1.0,-0.17203578593777757,-0.03929755328428941,-9.884835423347191,0.007319085224872846,0.04340804358533623,0.04845989462565259,118.11326867149891,0.018691588785046728,0.6280373831775701
14,ridge,535,0.03222794454242423,0.04167029176437105,0.027102373775816733,0.5925233644859813,0.5925233644859813,0.5383165829145728,0.5925233644859813,1.0,0.09198980524562908,-0.06988722986089901,0.2522466263966297,-0.002544207171869763,-0.0056655904504341326,0.020453185689321418,121.90910080560852,0.018691588785046728,0.6280373831775701
14,elasticnet,535,0.03243461011065833,0.04186877620592462,0.02725945973415211,0.5906542056074766,0.5906542056074766,0.5347795525245274,0.5906542056074766,1.0,0.08988146499805558,-0.08010370344924977,0.2367535671250436,-0.0026175375115501053,-0.012114541931976142,0.011099382898106414,122.38792033520248,0.007476635514018692,0.6280373831775701
14,random_forest,535,0.03275136408467264,0.0426489541265318,0.02516793960094012,0.5570093457943925,0.5570093457943925,0.4762353433835846,0.5570093457943925,1.0,-0.07086445742552538,-0.1207317931391767,-0.2535970471433066,-0.002222070331733273,-0.02199877677311801,-0.026098103637433034,124.5226094759315,0.013084112149532711,0.6280373831775701
14,gradient_boosting,535,0.03191098515774435,0.041750094319201625,0.025052037639588957,0.5813084112149532,0.5813084112149532,0.49045824359894713,0.5813084112149532,1.0,-0.006750286473678984,-0.07398902448931333,-0.025790476447552644,-0.0017789526771321363,0.004225054183240928,0.016697743294011858,121.58845000091742,0.018691588785046728,0.6280373831775701
14,mlp_raw,535,0.03177789053215581,0.04171271692071686,0.025245351179000914,0.5757009345794393,0.5757009345794393,0.49111629576453697,0.5757009345794393,1.0,0.0349297132769541,-0.07206687570775827,0.11835947462835238,-0.0030121468514049113,0.008378241335840197,0.018457587381363272,120.22027858462327,0.016822429906542057,0.6280373831775701
14,mlp_nested,535,0.03140814161639632,0.041325339970148534,0.025654885654885495,0.5686274509803921,0.3794392523364486,0.48327464788732394,0.5686274509803921,0.6672897196261682,0.00793280632561572,-0.05224723052446634,0.05121339315717582,-0.007060072308380112,0.019916171134502392,0.03660367769649442,118.46596421877476,0.009345794392523364,0.6280373831775701
14,direction_logistic,535,0.03135546527626875,0.04135451750833483,0.02410580245336412,0.5570093457943925,0.5570093457943925,0.5151651112706389,0.5570093457943925,1.0,0.05075616570591359,-0.05373362227630851,0.27718534222499175,-0.007934619470462888,0.02155992420188868,0.035242795666409865,118.72481717804874,0.007476635514018692,0.6280373831775701
14,heterogeneous_calibrated,535,0.03209387248063492,0.041828578581612805,0.02599301393492756,0.5813084112149532,0.5813084112149532,0.49045824359894713,0.5813084112149532,1.0,-0.007424299710698341,-0.07803071424316066,-0.027344452020606032,-0.0006757265632027458,-0.001481902626199405,0.012997330566094756,122.22881750344256,0.020560747663551402,0.6280373831775701
30,persistence,529,0.05104355832966751,0.06377847104791046,0.04350598286965224,,0.0,,,0.0,,-0.2177793025451764,,-0.02697106594039982,0.0,0.0,189.5758034026465,0.011342155009451797,0.6918714555765595
30,historical_mean,529,0.04741578782808524,0.05981321230322548,0.039090918024237475,0.6918714555765595,0.6918714555765595,0.5,0.6918714555765595,1.0,-0.24629507322321353,-0.07106205868299265,-4.0740402226381605,-0.011211006967887509,0.07107205336571809,0.12047933772198516,179.94468587217094,0.003780718336483932,0.6918714555765595
30,direction_majority,529,0.04527976700072707,0.05815697798496951,0.03550025050876782,0.6918714555765595,0.6918714555765595,0.5,0.6918714555765595,1.0,-0.22625055922896126,-0.012567638535925463,-8.831034955176252,0.0010309671339740584,0.11291907377841282,0.16851301675135677,175.07412158877275,0.011342155009451797,0.6918714555765595
30,ridge,529,0.05154341688100852,0.06326637997641515,0.0462761405238805,0.6370510396975425,0.6370510396975425,0.4944098025411512,0.6370510396975425,1.0,-0.0018413134325197238,-0.1983021864420591,-0.004152561290308056,0.00041362615440968935,-0.00979278419644336,0.015993962175584797,196.6332602398477,0.007561436672967864,0.6918714555765595
30,elasticnet,529,0.054299167604342356,0.06627309380105105,0.048615703170515535,0.6143667296786389,0.6143667296786389,0.4814190888061953,0.6143667296786389,1.0,0.02405988487665389,-0.31490649659065584,0.04109164114570828,0.0009146421532984798,-0.0637810015839475,-0.07975763247288081,204.97604315910237,0.005671077504725898,0.6918714555765595
30,random_forest,529,0.053448970401853084,0.0689293987267197,0.0438783467920282,0.5841209829867675,0.5841209829867675,0.46806798752891476,0.5841209829867675,1.0,-0.178420920745924,-0.4224249495098471,-0.3652235403342465,-0.005615866740356886,-0.0471246941024388,-0.1680482223149613,204.67980533046082,0.00945179584120983,0.6918714555765595
30,gradient_boosting,529,0.052477076828223126,0.06605909193038625,0.04486875479346936,0.5784499054820416,0.5784499054820416,0.4639696268731771,0.5784499054820416,1.0,-0.13723898865156606,-0.30642830090216644,-0.3336865627395847,-0.009025732860545428,-0.028084219546316902,-0.07279561918297706,197.62724650095967,0.007561436672967864,0.6918714555765595
30,mlp_raw,529,0.052155467432918205,0.06242576866986695,0.04675343844471268,0.6124763705103969,0.6124763705103969,0.5617184618994938,0.6124763705103969,1.0,0.28371497911737725,-0.16667039719067356,0.3663698931763993,-0.004622798769982413,-0.02178353429181734,0.04196893907433363,190.44949737465623,0.007561436672967864,0.6918714555765595
30,mlp_nested,529,0.04864280848541499,0.06009495282397576,0.04151487587634138,0.7784090909090909,0.2589792060491493,0.5643939393939394,0.7784090909090909,0.332703213610586,0.24821586382189204,-0.08117595393229138,1.5084308904137675,-0.02129706151561618,0.04703335587905433,0.1121741421679463,181.42844414627086,0.005671077504725898,0.6918714555765595
30,direction_logistic,529,0.04619630483791987,0.05824200106218874,0.036461708659592716,0.6956521739130435,0.6956521739130435,0.5095376982131483,0.6956521739130435,1.0,0.0679598100729406,-0.01553046606524755,0.6607189826125329,-0.007952038161162083,0.09496307958080419,0.16608004098708695,176.87528641975916,0.001890359168241966,0.6918714555765595
30,heterogeneous_calibrated,529,0.049096729413552566,0.05991404350364704,0.042019091310627046,0.6086956521739131,0.6086956521739131,0.47221663481846526,0.6086956521739131,1.0,0.07448706496562589,-0.07467622677198626,0.22716267034899676,-0.0073117987302855365,0.03814054074250173,0.11751150267877164,184.98257981120923,0.001890359168241966,0.6918714555765595
